<?xml version="1.0" encoding="UTF-8"?>
<manifest>
    <remote name="Qiangong2" 
            fetch="https://github.com/Qiangong2/" 
            revision="halium-7.1" />

    <project path="device/samsung/jfltetmo" name="android_device_samsung_jfltetmo" remote="Qiangong2" />
    <project path="device/samsung/jf-common" name="android_device_samsung_jf-common" remote="Qiangong2" />
    <project path="device/samsung/qcom-common" name="android_device_samsung_qcom-common" remote="los" />

    <project path="hardware/samsung" name="android_hardware_samsung" remote="los" />

    <project path="kernel/samsung/jf" name="android_kernel_samsung_jf" remote="Qiangong2" />

    <project path="packages/resources/devicesettings" name="android_packages_resources_devicesettings" remote="los" />

    <project path="vendor/samsung" name="proprietary_vendor_samsung" remote="them" />
</manifest>
