<?xml version="1.0" encoding="UTF-8"?>
<manifest>
    <project path="device/sony/common" name="android_device_sony_common" remote="los" />
    <project path="device/sony/msm8974-common" name="android_device_sony_msm8974-common" remote="los" />
    <project path="device/sony/shinano-common" name="android_device_sony_shinano-common" remote="los" />
    <project path="device/sony/z3c" name="android_device_sony_z3c" remote="los" />

    <project path="external/elfutils" name="android_external_elfutils" remote="los" />

    <project path="hardware/sony/macaddrsetup" name="android_hardware_sony_macaddrsetup" remote="los" />
    <project path="hardware/sony/thermanager" name="android_hardware_sony_thermanager" remote="los" />

    <project path="kernel/sony/msm8974" name="LNJ2/android_kernel_sony_msm8974" remote="hal" />

    <project path="vendor/sony" name="proprietary_vendor_sony" revision="cm-13.0" remote="them" />
</manifest>
